"Diseases","Type of Treatment","List of suggested Treatment/ Medicine","Names of the Doctors ","Address","specialization "
"measles"," There is no specific medical treatment for measles. To help manage symptoms:
give your child plenty of fluids
encourage extra rest
give a non-aspirin fever medicine, such as acetaminophen or ibuprofen if a fever makes your child uncomfortable. Never give aspirin to a child or teen who has a viral illness, as such use is linked to Reye syndrome, which can be life-threatening. ","There is no specific medical treatment for measles. To help manage symptoms:
give your child plenty of fluids
encourage extra rest
give a non-aspirin fever medicine, such as acetaminophen or ibuprofen if a fever makes your child uncomfortable. Never give aspirin to a child or teen who has a viral illness, as such use is linked to Reye syndrome, which can be life-threatening.","Roberto Stella","via delle coste,45,Limiti di greccio ,Rieti,Italy","General practioner"
"HIV","The treatment for HIV is called antiretroviral therapy (ART). ART involves taking a combination of HIV medicines (called an HIV treatment regimen) every day. ART is recommended for everyone who has HIV.","Abacavir (ABC) 300 mg twice daily or 600 mg once daily
Emtricitabine (FTC) 200 mg once daily
Lamivudine (3TC) 150 mg twice daily or 300 mg once daily
Zidovudine (AZT) 250–300 mg twice daily","Giuseppe Borghi","Via Antonio da Legnago 85 Cerasi,Reggio Calabria 89060,Italy","Osteopathic medicine"
"German_measles","Antibiotics can't treat rubella because they only work against bacteria, not viruses. Unless it causes other problems, rubella will get better on its own. Rubella usually is mild in kids, who often can be cared for at home. Check your child's temperature and call the doctor if the fever climbs too high.","There is no specific medical treatment for measles. To help manage symptoms:
give your child plenty of fluids
encourage extra rest
give a non-aspirin fever medicine, such as acetaminophen or ibuprofen if a fever makes your child uncomfortable. Never give aspirin to a child or teen who has a viral illness, as such use is linked to Reye syndrome, which can be life-threatening.","Giuseppe Lanati","Via Giulio Petroni ,48 Osio Sotto Bergamo,italy
","Respiratory medicine"
"flu","Antiviral drugs can help treat flu illness: Antiviral drugs are different from antibiotics. Flu antivirals are prescription medicines (pills, liquid, intravenous solution, or an inhaled powder) and are not available over the counter. Antiviral drugs can make illness milder and shorten the time you are sick.",,"Raffaele Giura","Via Galvani 114 Segni,Roma,00037,Italy","Respiratory medicine"
"common_cold","There's no cure for the common cold. Most cases of the common cold get better without treatment, usually within a week to 10 days.the best thing you can do is take care of yourself while your body heals. For example, drink plenty of liquids, humidify the air, use saline nasal rinses and get adequate rest.Relieving your symptoms can include using over-the-counter (OTC) medication to reduce fever, body aches, congestion and cough. Some remedies might help ease your symptoms and keep you from feeling so miserable. But there are pros and cons to commonly used cold remedies, such as over-the-counter pain relievers, decongestants, nasal sprays and cough syrups. Don't give OTC cold medications to children ","Ibuprofen(Advil)-Medication by mouth, usually every 6 to 8 hours as needed
Sudafed-Medication by mouth with or without food, usually every 4-6 hours,
Phenylephrine-10mg, twice daily","Rosario Vittorio Gentile","Via Goffredo Mameli 80,Piedelpoggio, Rieti","General practitioners"
"mumps","There's currently no cure for mumps, but the infection should pass within one or two weeks. Treatment is used to relieve symptoms and includes: getting plenty of bed rest and fluids. using painkillers, such as ibuprofen and paracetamol – aspirin shouldn't be given to children under 16","Rest. Pain relievers that you can get without a prescription such as ibuprofen (Advil, Motrin IB, others) and acetaminophen (Tylenol, others). A cold or warm cloth for swollen salivary glands. A cold cloth or ice pack for swollen testicles.","Gino Fasoli","

Via Silvio Spaventa 55,San Martino In Colle, Perugia,06070,Italy.","General practitioners"
"anemia","Treatment might include oxygen, pain relievers, and oral and intravenous fluids to reduce pain and prevent complications. Doctors might also recommend blood transfusions, folic acid supplements and antibiotics."," The most common tablet size is ferrous sulfate 325 milligrams (mg). Tablets come in standard or delayed (extended) release formats.
Liquid: You can also take ferrous sulfate as a liquid iron supplement. The liquid comes as an elixir or as drops.","Luigi Frusciante","Via Nazario Sauro 3,Crescenzago,Milano20127,Italy.","hematologist"
"chicken_pox","In most cases, medical treatment for chickenpox is not required and doctors may advise waiting until the viral infection is completely cured. To relieve itching, doctors may prescribe antihistamines or topical ointments.","Tylenol (acetaminophen) may help reduce high fever and pain when a person has chickenpox","Mario Giovita","Via Agostino Depretis 27,Vallecorsa,Frosinone,03020 ,Italy","pediatrician"
"depressionmental","The kind of psychological treatment that is most commonly used for depression is known as cognitive behavioral therapy (often called “CBT” for short).Jun","Doctors often start by prescribing an SSRI. These drugs are considered safer and generally cause fewer bothersome side effects than other types of antidepressants. SSRIs include citalopram (Celexa), escitalopram (Lexapro), fluoxetine (Prozac), paroxetine (Paxil, Pexeva), sertraline (Zoloft) and vilazodone (Viibryd).","Luigi Ablondi","Corso Porta Nuova 66,Paullo Di Casina, Reggio Emilia,42020 ,Italy","Psychiatrist"
"neoplasmmetastasis","Treatment depends on the type and size of the tumor and whether it has spread to other areas of your body. If the malignant neoplasm is localized to one area, surgery may be an option. If the cancer has spread, then your healthcare provider may recommend chemotherapy, radiation therapy or targeted drug therapy.","Anti angiogenic drugs are treatments that stop tumours from growing their own blood vessels. This might slow the growth of the cancer or sometimes shrink it. There are different types of anti angiogenic drugs.
Drugs that block signalling within the cell
sunitinib.
sorafenib.
axitinib.
regorafenib.
cabozantinib","Franco Galli","

Via Longhena 28,Percile, Roma ,00020, Italy.","oncologist"
"hypothyroidism","An underactive thyroid (hypothyroidism) is usually treated by taking daily hormone replacement tablets called levothyroxine. Levothyroxine replaces the thyroxine hormone, which your thyroid does not make enough of. You'll initially have regular blood tests until the correct dose of levothyroxine is reached.","antithyroid medications (methimazole and propylthiouracil), radioactive iodine ablation of the thyroid gland, or surgical thyroidectomy","Ivano Vezzulli","Via Giberti 139,Lombriasco, Torino,10040, Italy.","endocrinologists"
"malignantneoplasmofprostate","Observation or Active Surveillance for Prostate Cancer.
Surgery for Prostate Cancer.
Radiation Therapy for Prostate Cancer.
Cryotherapy for Prostate Cancer.
Hormone Therapy for Prostate Cancer.
Chemotherapy for Prostate Cancer","Abiraterone Acetate
Apalutamide
Bicalutamide
Cabazitaxel
Casodex (Bicalutamide)
Darolutamide
Degarelix
Docetaxel
Eligard (Leuprolide Acetate)","Massimo Borghese","
Via Galvani 84,Segni,Roma,00037,Italy.","oncologist"
"cholelithiasis","Turgery to remove the gallbladder (cholecystectomy). Your doctor may recommend surgery to remove your gallbladder, since gallstones frequently recur. 
Medications to dissolve gallstones. Medications you take by mouth may help dissolve gallstones.","Ursodiol link (Actigall) and chenodiol link (Chenix) are medicines that contain bile acids that can break up gallstones. These medicines work best to break up small cholesterol stones","Marcello Natali","Via del Mascherone 117, Cellino San Marco, Brindisi,72020,Italy.","gastroenterologist"
"cirrhosis","Treatment for alcohol dependency. People with cirrhosis caused by excessive alcohol use should try to stop drinking. 
Weight loss. 
Medicines to control hepatitis.
Medicines to control other causes and symptoms of cirrhosis.","The main treatments are cutting out salt from your diet and taking a type of medicine called a diuretic, such as spironolactone or furosemide.","Antonino Buttafuoco","Via Volto San Luca 122,Pinasca,Torino,10060, Italy","gastroenterologist,"
"pneumothorax","Treatment for a pneumothorax usually involves inserting a needle or chest tube between the ribs to remove the excess air. However, a small pneumothorax may heal on its own","Morphine is the drug of choice for analgesia because of its reliable and predictable effects, safety profile, and ease of reversibility with naloxone","Giuseppe Finzi","Via Corio 86,Capolago,Varese,21100,Italy.","pulmonologists, "
"migrainedisorders","Many people who have migraines find that over-the-counter painkillers, such as paracetamol, aspirin and ibuprofen, can help to reduce their symptoms. They tend to be most effective if taken at the first signs of a migraine attack, as this gives them time to absorb into your bloodstream and ease your symptoms.","Many people who have migraines find that over-the-counter painkillers, such as paracetamol, aspirin and ibuprofen, can help to reduce their symptoms.","Francesco Foltrani","Corso Alcide De Gasperi 138, Murgia,Bari,70023,Italy.","Neurologists"
"pancreatitis","a hospital stay to treat dehydration with intravenous (IV) fluids and, if you can swallow them, fluids by mouth.
pain medicine, and antibiotics by mouth or through an IV if you have an infection in your pancreas.
a low-fat diet, or nutrition by feeding tube or IV if you can't eat.","amitriptyline, gabapentin or pregabalin – may be recommended to help relieve the pain.","Andrea Carli","Via Longhena 38,Magliano Romano,Roma,00060, Italy.","gastroenterologist"
"bipolardisorder","The most effective treatment for bipolar disorder is a combination of medication and psychotherapy. Most people take more than one drug, like a mood-stabilizing drug and an antipsychotic or antidepressant","ood stabilizers include lithium (Lithobid), valproic acid (Depakene), divalproex sodium (Depakote), carbamazepine (Tegretol, Equetro, others) and lamotrigine (Lamictal","Bruna Galavotti","Via Antonio Beccadelli 147 ,Surano,Lecce, 73030,Italy.","Psychiatrists"
"hypoglycemia","V dextrose is the best treatment for inpatients and for patients found by emergency medical services personnel. IV dextrose is available in different concentrations. Concentrated IV dextrose 50% (D50W) is most appropriate for severe hypoglycemia, providing 25 g of dextrose in a standard 50-mL bag","Glucagon is a prescription medicine that raises blood sugar, and you may need it if you have severe hypoglycemia.","Piero Lucarelli","Piazza Bovio 68,Motta Sulla Secchia ,Modena,41032 Italy.","Endocrinologists"
"hepatitisc","Hepatitis C is treated using direct-acting antiviral (DAA) tablets. DAA tablets are the safest and most effective medicines for treating hepatitis C. They're highly effective at clearing the infection in more than 90% of people.","mivudine (Epivir), adefovir (Hepsera) and telbivudine — can help fight the virus and slow its ability to damage your live","Vincenzo Leone","

Via Longhena 23, Gorga ,Roma,00030,Italy.","Hepatologist"
"malignanttumorofcolon","chemotherapy, targeted therapy, immunotherapy, surgery, and radiation therapy.","Alymsys (Bevacizumab)
Avastin (Bevacizumab)
Bevacizumab.
Camptosar (Irinotecan Hydrochloride)
Capecitabine.
Cetuximab.
Cyramza (Ramucirumab)","Antonio Buonomo","
Piazza Principe Umberto 129,Querceto,Firenze,50019, Italy","oncologist"
"deglutitiondisorder","Botulinum toxin injections and other types of muscle relaxers to relax certain muscles in the esophagus.
Proton pump inhibitors and other medications to treat GERD.
Antibiotics to treat infection.","our gastroenterologist may prescribe corticosteroids, antacids, proton-pump inhibitors (PPIs), and muscle relaxants to treat the cause of your esophageal dysphagia","Leonardo Marchi","Via Spalato 10, Campagna Lupia,Venezia, 30010,Italy.","Gastroenterologist"
"biliarycalculus","Surgery to remove the gallbladder (cholecystectomy). Your doctor may recommend surgery to remove your gallbladder, since gallstones frequently recur. 
Medications to dissolve gallstones. Medications you take by mouth may help dissolve gallstones","Ursodiol link (Actigall) and chenodiol link (Chenix) are medicines that contain bile acids that can break up gallstones.","Manfredo Squeri","Via delle Viole 52,Sirolo, Ancona,60020, Italy.","gastroenterologist"
"primarymalignantneoplasm","Malignant neoplasms can spread to nearby tissues and to distant parts of your body. Treatment options may include surgery, chemotherapy or radiation therapy","Anthracycline chemotherapy attacks the enzymes inside cancer cells' DNA that help them divide and grow","Rosario Lupo"," Piazza Garibaldi 7,Latina Scalo, Latina 04013, Italy.","oncologist"
"lymphoma","Non-Hodgkin lymphoma is usually treated with chemotherapy or radiotherapy, although some people may not need treatment straight away","Acalabrutinib.
Adcetris (Brentuximab Vedotin)
Aliqopa (Copanlisib Hydrochloride)
Arranon (Nelarabine)
Asparaginase Erwinia Chrysanthemi (Recombinant)-rywn.
Axicabtagene Ciloleucel.","Domenico De Gilio","Via Santa Lucia 78, Monte Santa Maria Tiberina ,Perugia,06010, Italy","Hematologists"
"confusion","If your confusion is caused by dehydration, drinking water or electrolyte drinks can help relieve your symptoms. However, confusion due to a head injury requires immediate medical attention. ","Medicines That Can Cause Confusion or a Decreased Alertness
Antidepressants.
Antihistamines.
Opioid pain medicines.
Sedatives and tranquilizers.","Calogero Giabbarrasi","Via delle Coste 84, Antrodoco ,Rieti,02013 ,Italy","physchiatrist"
"obesitymorbid","Bariatric surgery, which involves sealing off most of the stomach to reduce the quantity of food you can consume, can be an effective means for morbidly obese people to lose weight and maintain that weight loss.","Bupropion-naltrexone (Contrave)
Liraglutide (Saxenda)
Orlistat (Alli, Xenical)
Phentermine-topiramate (Qsymia)","Renzo Granata","

Largo Febo 120, Lumezzane Pieve, Brescia, 25066,Italy.","bariatric surgeon."
"arthritis","usually be treated in hospital with antibiotics given straight into a vein. fluid may be drained from the affected joint. you'll probably have to take antibiotic tablets for several weeks after you leave hospital.","Commonly used arthritis medications include: NSAIDs . Nonsteroidal anti-inflammatory drugs (NSAIDs) can relieve pain and reduce inflammation. Examples include ibuprofen (Advil, Motrin IB, others) and naproxen sodium (Aleve).","Ivano Garzena","Corso Garibaldi 97, Pastena, Frosinone, 03020, Italy.","Rheumatologists"
"accidentcerebrovascular","To treat an ischemic stroke, you may be given a clot-dissolving drug or a blood thinner. You may also be given aspirin to prevent a second stroke. Emergency treatment for this type of stroke may include injecting medicine into the brain or removing a blockage with a procedure.","An IV injection of recombinant tissue plasminogen activator (TPA) — also called alteplase (Activase) or tenecteplase (TNKase) ","Ivan Mauri"," Via Sacchi 140,Sanguarzo, Udine, 33040,  Italy"," vascular neurologist"
"mitralvalveinsufficiency","Balloon valvotom catheter-based procedure treats mitral valve stenosis. 
Medication,
Mitral valve repair surgery. 
Mitral valve replacement surgery. 
Minimally invasive mitral valve repair. 
Percutaneous interventions. .","Beta blocker,These drugs relax blood vessels and slow the heartbeat, which reduces blood pressure.
Water pills (diuretics). These medicines help remove salt (sodium) and water through your urine, reducing blood pressure.
Heart rhythm drugs (antiarrhythmics). 
Blood thinners (anticoagulants). 
Antibiotics.","Gaetano Autore","
Vicolo Tre Marchetti 116,Casale Sul Sile, Treviso,31032,  Italy.","cardiology"
"edemapulmonary","The first treatment for acute pulmonary edema is oxygen. Oxygen flows through a face mask or a flexible plastic tube with two openings (nasal cannula) that deliver oxygen to each nostril. This should ease some symptoms.
Treatment
Diuretics. 
Blood pressure drugs. 
Inotropes. 
Morphine (MS Contin, Infumorph, others","Diuretics. Diuretics, such as furosemide (Lasix), decrease the pressure caused by excess fluid in the heart and lungs.
Blood pressure drugs. These help manage high or low blood pressure, which can occur with pulmonary edema. 
Inotropes. 
Morphine (MS Contin, Infumorph, others).","Vincenza Amato"," Via Giovanni Amendola 68 ,Motta Baluffi, Cremona, 26045,Italy","pulmonologist"
"malignantneoplasms","Malignant neoplasms can spread to nearby tissues and to distant parts of your body. Treatment options may include surgery, chemotherapy or radiation therapy. Early detection is key, so be sure to attend all recommended cancer screenings.","Hypercalcemia of Malignancy (High Blood Calcium) · Denosumab (Xgeva) · Dexamethasone · Pamidronate Disodium (Aredia) · Prednisone · Zoledronic Acid (Zometa)","Gabriele Lombardi","Strada Bresciana 46, Campovalano, Teramo,64010, Italy.","oncologist"
"hyperglycemia","Fluid replacement. You'll receive fluids — usually through a vein (intravenously) — until your body has the fluids it needs. 
Electrolyte replacement. Electrolytes are minerals in your blood that are necessary for your tissues to work properly. 
Insulin therapy.","Metformin. In most of the world, metformin is the only biguanide available. 
Sulfonylureas. Sulfonylureas lower glycemia by enhancing insulin secretion. 
Glinides. 
α-Glucosidase inhibitors. 
Thiazolidinediones. 
Insulin. 
Glucagon-like peptide-1 agonists (exenatide). 
Amylin agonists (pramlintide).","Mario Calonghi","Via Domenico Morelli 9, San Tommaso, Pescara, 65020, Italy","Medical group of specialists"
"epilepsy","sulfonylureas. Sulfonylureas lower glycemia by enhancing insulin secretion. 
Glinides. 
α-Glucosidase inhibitors. 
Thiazolidinediones. 
Insulin. 
Glucagon-like peptide-1 agonists (exenatide). 
Amylin agonists (pramlintide).","sodium valproate.
carbamazepine.
lamotrigine.
levetiracetam.
topiramate.","Marino Chiodi","Via Alessandro Farnese 95,Aldino,Bolzano,39040, Italy","neurologist"
"pneumocystiscariniipneumonia","Without treatment, PCP can cause death. The most common form of treatment is trimethoprim/sulfamethoxazole (TMP/SMX), which is also known as co-trimoxazole and by several different brand names, including Bactrim, Septra, and Cotrim. This medicine is given by mouth or through a vein for 3 weeks.","The choice of antibiotics for community-acquired aspiration pneumonia is ampicillin-sulbactam, or a combination of metronidazole and amoxicillin can be used.","Carlo Alberto Passera"," Stradone Antonio Provolo 47, San Liberato,  Termi ,05027, Italy","Respiratory medicine"
"pneumoniaaspiration","The choice of antibiotics for community-acquired aspiration pneumonia is ampicillin-sulbactam, or a combination of metronidazole and amoxicillin can be used. In patients with penicillin allergy, clindamycin is preferred.","The choice of antibiotics for community-acquired aspiration pneumonia is ampicillin-sulbactam, or a combination of metronidazole and amoxicillin can be used.","Francesco De Francesco","Via Santa Lucia 121, Marsciano, Perugia, 06055,Italy","Respiratory medicine"
"coronaryarteriosclerosis","Cholesterol drugs. Medications can help lower bad cholesterol and reduce plaque buildup in the arteries. 
Aspirin. .
Beta blockers. 
Calcium channel blockers. 
Angiotensin-converting enzyme (ACE) inhibitors and angiotensin II receptor blockers (ARBs). 
Nitroglycerin. 
Ranolazine.","Beta blockers, including atenolol, bisoprolol, metoprolol and nebivolol, are often used to prevent angina and treat high blood pressure. They work by blocking the effects of a particular hormone in the body, which slows down your heartbeat and improves blood flow.","Antonio Maghernino","Via Acrone 66,Ponzano Monferrato, Alessandria, 15020 Italy","Medical group of specialists"
"infectionurinarytract","Trimethoprim and sulfamethoxazole (Bactrim, Bactrim DS)
Fosfomycin (Monurol)
Nitrofurantoin (Macrodantin, Macrobid, Furadantin)
Cephalexin.
Ceftriaxone.","Trimethoprim and sulfamethoxazole (Bactrim, Bactrim DS)
Fosfomycin (Monurol)
Nitrofurantoin (Macrodantin, Macrobid, Furadantin)
Cephalexin.
Ceftriaxone.","Flavio Roncoli","
 Via Antonio Cecchi 117, Albano Vercellese, Vercelli,  13030, Italy","urology"
"neuropathy","arious therapies and procedures might help ease the signs and symptoms of peripheral neuropathy.
Transcutaneous electrical nerve stimulation (TENS). Electrodes placed on the skin deliver a gentle electric current at varying frequencies. 
Plasma exchange and intravenous immune globulin. 
Physical therapy.
Surgery.","amitriptyline – also used for treatment of headaches and depression.
duloxetine – also used for treatment of bladder problems and depression.
pregabalin and gabapentin – also used to treat epilepsy, headaches or anxiety.","Marco Lera","
Via del Pontiere 115,Venalzio, Torino, 10050 Italy","neurologist"
"thrombocytopaenia","Transcutaneous electrical nerve stimulation (TENS). Electrodes placed on the skin deliver a gentle electric current at varying frequencies. 
Plasma exchange and intravenous immune globulin. 
Physical therapy. 
Surgery.","amitriptyline – also used for treatment of headaches and depression.
duloxetine – also used for treatment of bladder problems and depression.
pregabalin and gabapentin – also used to treat epilepsy, headaches or anxiety.","Giulio Titta"," Via Goffredo Mameli 80,Piedelpoggio, Rieti, 02010, Italy","neurologist"
"adenocarcinoma","Surgery. Usually the first line of treatment for adenocarcinoma, surgery is done to remove cancer and some of the surrounding tissue.
Chemotherapy. This treatment involves using drugs to kill cancer cells. 
Radiation therapy.","Can adenocarcinoma be cured? Yes. Adenocarcinoma can be successfully treated in many cases. Survival rates vary depending on the type of cancer, its location and stage","Benedetto Comotti","Via Giulio Camuzzoni 147, Tresilico ,Reggio Calabria, 89010,Italy","oncologist"
"incontinence","Anticholinergics. These medications can calm an overactive bladder and may be helpful for urge incontinence. Examples include oxybutynin (Ditropan XL), tolterodine (Detrol), darifenacin (Enablex), fesoterodine (Toviaz), solifenacin (Vesicare) and trospium chloride. Mirabegron (Myrbetriq).","Anticholinergics. These medications can calm an overactive bladder and may be helpful for urge incontinence. Examples include oxybutynin (Ditropan XL), tolterodine (Detrol), darifenacin (Enablex), fesoterodine (Toviaz), solifenacin (Vesicare) and trospium chloride. Mirabegron (Myrbetriq).","Anna Maria Focarete","Via Enrico Fermi 12, Sauze Di Cesana, Torino, 10054, Italy.","Urologist"
"systemicinfection","Antibiotics. Treatment with antibiotics begins as soon as possible. 
Fluids added to veins. The use of intravenous fluids begins as soon as possible.
Vasopressors. Vasopressors narrow blood vessels and help increase blood pressure","Penicillins - for example, phenoxymethylpenicillin, flucloxacillin and amoxicillin.
Cephalosporins - for example, cefaclor, cefadroxil and cefalexin.
Tetracyclines - for example, tetracycline, doxycycline and lymecycline.","Dino Pesce","Via Alfredo Fusco 58,Castelvisconti, Cremona, 26010,Italy.","Internal medicine"
"ileus","Treatment of an ileus requires time and supportive management. Bowel rest, intravenous (IV) fluid therapy, and, if warranted, nasogastric (NG) decompression are important steps. Historically these treatments were thought to lower complications and improve outcomes, but a recent review of the evidence shows otherwise.","One medication they may prescribe is metoclopramide (Reglan). If possible, discontinuing the medications that caused the ileus can also help. However, you should not stop taking a medication, especially an antidepressant, without your doctor's approval","Giulio Calvi"," Piazza Bovio 75, Dogana Nuova, Modena, 41022, Italy.","Gastroenterologists"
"bronchitis","Most cases of bronchitis can be treated easily at home with rest, non-steroidal anti-inflammatory drugs (NSAIDs) and plenty of fluids. You only need to see your GP if your symptoms are severe or unusual – for example, if: your cough is severe or lasts longer than three weeks","Antiviral medications. If your bronchitis is caused by the flu, your healthcare provider might prescribe an antiviral medication, like Tamiflu®, Relenza® and Rapivab®. 
Bronchodilators. 
Anti-inflammatory medications. 
Cough suppressants.
Antibiotics. 
COPD/asthma treatment.","Marcello Ugolini"," Via degli Aldobrandeschi 48, Serradifalco, Caltanissetta, 93010, Italy.","Respiratory medicine"
"paroxysmaldyspnea","Medical treatment can include diuretic therapy to reduce fluid retention and cardiac medication therapy to protect the heart or reduce blood pressure or heart rate.","Paroxysmal nocturnal dyspnea (PND) is a sensation of shortness of breath that awakens the patient, often after 1 or 2 hours of sleep, and is usually relieved in the upright position.","Abdel Sattar Airoud","
 Via Goffredo Mameli 111, San Filippo Di Contigliano, Rieti, 02040,Italy","pulmonologist"
"chronicalcoholicintoxication","carefully monitor vital signs.
prevent breathing or choking problems with a breathing tube that opens the airways.
give oxygen therapy.
give intravenous (IV) fluids to prevent dehydration.
give vitamins and glucose (sugar) to prevent complications.","Metadoxine (pyridoxal L-2-pyrrolidine-5-carboxylate) has been shown to accelerate the elimination of alcohol in adults leading to faster recovery from intoxication and a more controlled withdrawal from alcohol.","Giuseppe Maini","
 Via Lombardi 101,Sotto Il Monte Giovanni Xxiii,Bergamo,24039, Italy.","General practioner"
"tonic-clonicseizures","Treatment for tonic-clonic seizures can involve medication, surgery, nerve stimulation, dietary therapy or a combination of these approaches","he agents used for tonic-clonic seizures include anticonvulsants such as valproate, lamotrigine, levetiracetam, felbamate, topiramate, zonisamide, clobazam, and perampanel","Luigi Rocca","
 Via di Santa Melania 104,San Leonardo In Passiria, Bolzano ,39015, Italy.","neurologist"
"diverticulosis","Antibiotics to treat infection, although new guidelines state that in very mild cases, they may not be needed. A liquid diet for a few days while your bowel heals. Once your symptoms improve, you can gradually add solid food to you","Doctors may prescribe antibiotics to treat diverticulitis. They may also recommend acetaminophen or tricyclic antidepressants to manage ongoing abdominal pain. Experts do not advise people to take NSAIDs for diverticulitis as they may cause further complication","Maurizio Galderisi","Via San Cosmo fuori Porta Nolana 25, Musocc, Milano,20151,Italy","gastroenterologist."
"ulcerpeptic","Antacids neutralize gastric acid. 
Histamine (H2) blockers reduce gastric acid by blocking the H2 receptors. 
Proton pump inhibitors (PPIs) are drugs that block the three major pathways for acid production. 
Medications to protect and strengthen the mucous lining of the stomach.","These drugs include the prescription and over-the-counter medications omeprazole (Prilosec), lansoprazole (Prevacid), rabeprazole (Aciphex), esomeprazole (Nexium) and pantoprazole (Protonix).","Leone Marco Wischkin","Via Nicolai 64, Lamon,Belluno,32033, Italy","gastroenterologist."
"hemiparesis","physical therapy.
occupational therapy.
rehabilitation therapy.
mental health therapy.","Chlordiazepoxide is a sedative/hypnotic, prescribed for anxiety disorders and withdrawal symptoms due to alcoholism. 
Flunarizine.
Heparin. 
Warfarin","Rosario Vittorio Gentile","  Via Firenze 84,  Castelverrino,  Isernia,86081, Italy","neurologist"
"gout"," Treatment for flares consists of nonsteroidal anti-inflammatory drugs (NSAIDs) like ibuprofen, steroids, and the anti-inflammatory drug colchicine","colchicine (Colcrys, Gloperba, Mitigare), an anti-inflammatory drug that effectively reduces gout pain. The drug's effectiveness may be offset, however, by side effects such as nausea, vomiting and diarrhea. Corticosteroids","Francesco Dall’Antonia","
  Piazza San Carlo 121,Borgo Vercelli,Vercelli,13012, Italy,20032"," rheumatologists"
"neutropenia","Experts agree that patients with acute febrile neutropenia should be treated with antibiotics and that patients at high risk of severe neutropenia (>20% risk) after myelosuppressive chemotherapy should be treated prophylactically with a myeloid growth factor, usually granulocyte colony-stimulating factor (G-CSF","cefepime, ceftazidime, piperacillin-tazobactam, meropenem, or imipenem","Abdulghani Taki Makki","
  Via A.G. Alaimo 131,  Brugnetto,   Ancona,60010, Italy","hematologists."
"carcinoma","Surgery: Your provider may remove the cancer cells or tumor and nearby healthy tissue for safe measures. 
Chemotherapy: You may receive drugs that kill cancer cells or prevent them from multiplying.","The treatment will include one or more chemotherapy drugs. You may have the chemotherapy into a vein (intravenous drugs), or as tablets or capsules.","Aurelio Maria Comelli","
 Via Longhena 4,Cretone, Roma,00010, Italy","oncologist"
"hypertensivedisease","The main diuretic for high blood pressure treatment is thiazide. Diuretics are often used with other high blood pressure medicines, sometimes in one combined pill. Beta blockers help your heart beat slower and with less force. As a result, your heart pumps less blood through your blood vessels","Common blood pressure medicines include: ACE inhibitors – such as enalapril, lisinopril, perindopril and ramipril. angiotensin-2 receptor blockers (ARBs) – such as candesartan, irbesartan, losartan, valsartan and olmesartan.","Michele Lauriola","
  Via Partenope 83,  Atina,   Frosinone,03042,Italy","Cardiology"
"hypertensionpulmonary","anticoagulant medicines – such as warfarin to help prevent blood clots. diuretics (water tablets) – to remove excess fluid from the body caused by heart failure. home oxygen therapy – this involves inhaling air that contains a higher concentration of oxygen than normal.","A commonly prescribed vasodilator for pulmonary hypertension is epoprostenol (Flolan, Veletri). This drug continuously flows through an IV attached to a small pump, which is worn in a pack on the belt or shoulder.","Francesco De Alberti","  Piazza Bovio 132, Montespecchio,Modena,41055, Italy","Cardiology"
"alzheimersdisease","Donepezil, galantamine and rivastigmine can be prescribed for people with early- to mid-stage Alzheimer's disease. The latest guidelines recommend that these medicines should be continued in the later, severe, stages of the disease.","Galantamine, rivastigmine, and donepezil are cholinesterase inhibitors that are prescribed for mild to moderate Alzheimer's symptoms. These drugs may help reduce or control some cognitive and behavioral symptoms.","Mario Luigi Salerno","  Corso Alcide De Gasperi 41, Stanic, Bari,70123","neurologist"
"tricuspidvalveinsufficiency","Tricuspid valve repair is usually done with open-heart surgery. Repair may include patching holes or tears in the valve, reshaping or removing tissue to help the valve close more tightly, separating valve flaps (leaflets), or adding support to the valve base or roots.","Drugs used include diuretics, digoxin, and angiotensin-converting enzyme (ACE) inhibitors.","Roberto Mario Lovotti","
  Corso Alcide De Gasperi 41, Stanic, Bari,70123","Cardiology."
"carcinomaprostate","Cryotherapy. Placing a special probe inside or near the prostate cancer to freeze and kill the cancer cells.
Chemotherapy. Using special drugs to shrink or kill the cancer. 
Biological therapy. 
High-intensity focused ultrasound. 
Hormone therapy.","Abiraterone Acetate.
Apalutamide.
Bicalutamide.
Cabazitaxel.
Casodex (Bicalutamide)
Darolutamide.
Degarelix.
Docetaxe","Domenico Bardelli"," Via Palermo 10,Santa Lucia Del Mela, Messina, 98046,Italy","Urologists"
"exanthema","Treatment aims to ease symptoms of the skin rash and other virus symptoms. For example, your healthcare provider might recommend lotions or creams to reduce itchiness, and acetaminophen or nonsteroidal anti-inflammatory drugs (NSAIDs) can lower fever and relieve body aches.

But there’s no treatment or cure for most viruses. You usually have to wait for the virus to run its course.","cetaminophen for fever (DO NOT GIVE ASPIRIN) Antibiotics for treating bacterial infections. Calamine lotion (to relieve itching) Antiviral drugs (for severe cases)","Giovanni Francesconi","Via Alessandro Farnese 115, Andriano Bolzano,39010, Italy.","Dermotology"
"acquired immuno-deficiency syndrome","The recommended treatment for HIV is a combination of three or more HIV drugs. This treatment is called highly active anti-retroviral therapy or HAART. The three types of FDA-approved antiretroviral drugs are: Nucleoside/neucleotide reverse transcriptase inhibitors (NRTIs)","These drugs interrupt the virus from duplicating, which may slow the spread of HIV in the body. They include:

Abacavir (Ziagen, ABC)
Didanosine (Videx, dideoxyinosine, ddI)
Emtricitabine (Emtriva, FTC)
Lamivudine (Epivir, 3TC)
Stavudine (Zerit, d4T)
Tenofovir (Viread, TDF)
Zalcitabine (Hivid, ddC)
Zidovudine (Retrovir, ZDV or AZT)
Combinations of NRTIs make it possible to take lower doses and maintain effectiveness. These drugs include Combivir (Zidovudine and Lamivudine), Trizivir (Zidovudine, Lamivudine and Abacavir), Epzicom (Abacavir and Lamivudine) and Truvada (Tenofovir and Lamivudine). We expect more combination drugs to be available in the future.","Valter Tarantini","Via Loreto 69,Monte Urano, Ascoli Piceno,63015, Italy","Internist."
"osteoporosis","Treatment of osteoporosis may involve medication to strengthen bones, such as alendronate (Fosamax®), risedronate (Actonel®), calcitonin (Micalcin®), and raloxifene (Evista®","For both men and women at increased risk of fracture, the most widely prescribed osteoporosis medications are bisphosphonates. Examples include:

Alendronate (Binosto, Fosamax)
Ibandronate (Boniva)
Risedronate (Actonel, Atelvia)
Zoledronic acid (Reclast, Zometa)","Guido Riva","Via A.G. Alaimo 26, Marzocca Di Senigallia, Ancona,60017, Italy","endocrinologist"
"hepatitis","About 25 percent of people with chronic hepatitis B can be cured with a drug called pegylated interferon-alpha, which is taken as a weekly injection for six months. The alternative is suppression of the virus with oral medications, such as lamivudine and adefovir","Treatment for chronic hepatitis B may include: Antiviral medications. Several antiviral medicines — including entecavir (Baraclude), tenofovir (Viread), lamivudine (Epivir), adefovir (Hepsera) and telbivudine — can help fight the virus and slow its ability to damage your liver.","Gaetana Trimarchi","Via Pisanelli 62,Filetto, Ravenna,48010, Italy.","gastroenterologists"
"dehydration","The best way to treat dehydration is to rehydrate the body by drinking plenty of fluids, such as water, diluted squash or diluted fruit juice. A sweet drink can help to replace lost sugar, and a salty snack can help to replace lost salt.","Diuretics. Also called water pills, diuretics remove salt and water from your body when you pee. If you have high blood pressure or heart problems, your doctor may suggest you take them because they cut the amount of fluid in your blood vessels.","Norman Jones","Via Antonio da Legnago 27,  Motticella, Reggio Calabria,89030, Italy
","Urologist"
"lymphaticdiseases","Treatment options may include:
Exercise. Exercise helps to restore flexibility and strength, and it improves drainage. 
Bandage. Wearing a customized compression sleeve or elastic bandage may help to prevent an accumulation of fluid.
Arm pump.
Diet.
Keep the arm raised. 
Infection Preventio","vincristine (Oncovin) bleomycin (Blenoxane) etoposide (Etopophos, Toposar, VePesid, VP-16) prednisone (Rayos, Prednisone Intensol)","Roberto Mileti","  
  Via Licola Patria 53, Pietrastornina, Avellino,83015, Italy","Lymphologists"
"sicklecellanemia","A blood and bone marrow transplant is currently the only cure for some patients who have sickle cell disease. After early diagnosis, your healthcare provider may recommend medicines or transfusions to manage complications, including chronic pain.","Voxelotor treats sickle cell disease in adults and children 4 years old and older. 
Crizanlizumab-tmca is approved for adults and children 16 years old and older who have sickle cell disease. 
Hydroxyurea is an oral medicine that has been shown to reduce or prevent several complications of sickle cell disease.","Marino Signori"," Via San Domenico 150,Gummer,  Bolzano,39050, Italy","hematologist"
"pancytopenia","
Treatments for pancytopenia include: drugs to stimulate blood cell production in your bone marrow. blood transfusions to replace red blood cells, white blood cells, and platelets. antibiotics to treat an infection","chemotherapy treatments, including methotrexate, carbamazepine, and chloramphenicol. certain medications, such as trimethoprim-sulfamethoxazole (Bactrim)","Gianpaolo Sbardolini","
  Via San Pietro Ad Aram 37, Vimodrone,   Milano,20090, Italy","hematologist"
"coronaryheartdisease","Coronary artery bypass grafting (CABG) improves blood flow to the heart by using normal arteries from the chest wall and veins from the legs to bypass the blocked arteries. Surgeons typically use CABG to treat people who have severe coronary artery disease in multiple coronary arteries.","Beta blockers, including atenolol, bisoprolol, metoprolol and nebivolol, are often used to prevent angina and treat high blood pressure. They work by blocking the effects of a particular hormone in the body, which slows down your heartbeat and improves blood flow.","Marcello Cifola","
  Via del Viminale 146, Domus De Maria,Cagliari,09010, Italy","Cardiology"
"thrombus","Blood-thinners. These medications keep your blood from clotting too easily. 
Thrombolytic therapy. Thrombolytic therapy uses medications to dissolve blood clots. 
Thrombectomy. One of the most direct ways to remove a clot is for a surgeon to access it and remove it.","Anticoagulants, such as heparin, warfarin, dabigatran, apixaban, and rivaroxaban, are medications that thin the blood and help to dissolve blood clots.","Gennaro Annarumma","
 Via Goffredo Mameli 145,Stipes, Rieti,,02020, Italy","hematologist"
"colitis","f you have mild-to-moderate ulcerative colitis, you'll usually be offered a 5-ASA to take in suppository or enema form. If your symptoms do not improve after 4 weeks, you may be advised to take 5-ASA in tablet or capsule form as well. These medicines rarely have side effects, but some people may experience: headaches.","Types of biologics used to treat ulcerative colitis include: Infliximab (Remicade), adalimumab (Humira) and golimumab (Simponi). These medications, called tumor necrosis factor (TNF) inhibitors, work by neutralizing a protein produced by your immune system.","Francesco Consigliere","
  Corso Vittorio Emanuale 37,  Limestre Pistoiese,  Pistoia,51022, Italy
","gastroenterologist"
"schizophrenia","Schizophrenia is usually treated with an individually tailored combination of talking therapy and medicine. Most people with schizophrenia are treated by community mental health teams (CMHTs)","What is the main drug used to treat schizophrenia?
Haloperidol, fluphenazine, and chlorpromazine are known as conventional, or typical, antipsychotics and have been used to treat schizophrenia for years.","Alberto Paolini","
Via Piccinni 29,  Fragneto L'abat, Benevento,82020, Italy","physchiatrist"
"psychoticdisorder","Antipsychotic medicines, also known as neuroleptics, are usually recommended as the first treatment for psychosis. They work by blocking the effect of dopamine, a chemical that transmits messages in the brain","Older antipsychotics include:
Chlorpromazine (Thorazine)
Fluphenazine (Prolixin)
Haloperidol (Haldol)
Loxapine (Loxitane)
Perphenazine (Trilafon)
Thioridazine (Mellaril)","Riccardo Paris","
  Largo Febo 50, Fasano Del Garda,Brescia,25083, Italy","physchiatrist"
"overloadfluid","Treatment options may include:
Diuretics — medicines that help you get rid of extra fluid.
Dialysis — a treatment that filters your blood through a machine.
Paracentesis — a procedure that uses a small tube to drain fluid from your abdomen.
Restricting salt intake.
Checking your weight daily.","Diuretics. Diuretics, such as furosemide (Lasix), decrease the pressure caused by excess fluid in the heart and lungs.","Dominique Musafiri","  Via Moiariello 38,San Vittore, Cuneo,12040, Italy","General practitioners"
"paranoia","The most common form of talking therapy for paranoia is cognitive behavioural therapy (CBT). During CBT, you will examine the way you think and the evidence for your beliefs and look for different possible interpretations. CBT can also help reduce worry and anxiety that may influence and increase feelings of paranoia.",,"Italo Nosari","
  Vicolo Tre Marchetti 31,Mosnigo,  Treviso,31010","physchiatrist"
"encephalopathy","Medications to stop seizures or reduce ammonia levels.
Stopping a medication you've been taking.
Changing the foods you eat.
Nutritional supplements.
Dialysis or an organ transplant if liver or kidney problems are causing your condition.","The two medications most commonly used to treat hepatic encephalopathy include lactulose, which is an osmotic laxative; and rifaximin, which is an antibiotic.","Gianroberto Monti"," Via del Viminale 148,  Macchiareddu, Cagliari,09032, Italy","neurologists"
"deepveinthrombosis","The standard of care for the treatment of acute DVT is blood thinning medication (anticoagulation) such as heparin and warfarin (Coumadin).","These blood thinners include:
Apixaban (Eliquis)
Edoxaban (Lixiana, Savaysa)
Rivaroxaban (Xarelto)","Luciano Riva","Via Galvani 4,  Cantonazzo,Rovigo,45100, Italy"," hematologist."
"personalitydisorder","Psychotherapy, also called talk therapy, is the main way to treat personality disorders.

However, several types of psychiatric medications may help with various personality disorder symptoms.
Antidepressants. 
Mood stabilizers. 
Antipsychotic medications.
Anti-anxiety medications.","Antipsychotic medications such as Risperdal and Zyprexa can help improve distorted thinking. Haldol may help for severe behavior problems. Other medications: Anti-anxiety medications such as Xanax, Klonopin and mood stabilizers such as lithium are used to relieve symptoms associated with personality disorders.","Federico Vertemati","
Via Alessandro Manzoni 82, Fossarmato, Pavia,27010, Italy","physchiatrist"
"insufficiency renal","Treatment for kidney failure
Dialysis.
Kidney transplant.
Medical management.
Medications to manage kidney disease.
Clinical trials for kidney disease.
Lifestyle and wellness with kidney disease","The use of ACE inhibitors and ARBs has been found to slow progression of CKD and is considered first-line treatment in patients with albuminuria.","Giovanni Battista Tommasino","
  Via Lagrange 68, Onano,  Viterbo,01010, Italy","nephrologist"
"degenerativepolyarthritis","Treatment programs for degenerative arthritis usually employ a combination of physical therapy exercises and medical therapy, including at times injections, to reduce pain and maintain mobility and flexibility of the joints. In late stage disease, surgery for arthritis may also be an option.","Medications include topical creams, acetaminophen, NSAIDs (e.g. Advil or Motrin), glucosamine, analgesics or opioids and cortisone injections.","Paolo Peroni","  Via Raffaele Conforti 72, Scurtabo,La Spezia, Italy, 19020","Rheumatologists"
"osteomyelitis","The most common treatments for osteomyelitis are surgery to remove portions of bone that are infected or dead, followed by intravenous antibiotics given in the hospital.
Surgery
Drain the infected area. 
Remove diseased bone and tissue. 
Restore blood flow to the bone. 
Remove any foreign objects. 
Amputate the limb","Primary treatment is a combination of penicillinase-resistant synthetic penicillin and a third-generation cephalosporin. Alternate therapy is vancomycin or clindamycin and a third-generation cephalosporin, particularly if methicillin-resistant S aureus (MRSA) is considered likely","Riccardo Zucco","
  Via Raffaele Conforti 24, Fagnano Alto, L'Aquila,67020, Italy","orthopaedic surgeons "
"melanoma","Surgery to remove the tumor is the primary treatment of all stages of melanoma. A wide local excision is used to remove the melanoma and some of the normal tissue around it. Skin grafting (taking skin from another part of the body to replace the skin that is removed) may be done to cover the wound caused by surgery.Sep 6, 2022","Aldesleukin.
Binimetinib.
Braftovi (Encorafenib)
Cobimetinib Fumarate.
Cotellic (Cobimetinib Fumarate)
Dabrafenib Mesylate.
Dacarbazine.
Encorafenib.","Giandomenico Iannucci","
  Via Carlo Cattaneo 68, Calangianus , Sassari,07023, Italy","dermatologist"
"respiratoryfailure","Treatments for respiratory failure may include oxygen therapy, medicines, and procedures to help your lungs rest and heal. Chronic respiratory failure can often be treated at home. If you have serious chronic respiratory failure, you may need treatment in a long-term care center.","Diuretics,Nitrates.Opioid Analgesics.
Inotropic Agents.
Beta2 Agonists.
Xanthine Derivatives.
Anticholinergics, Respiratory.
Corticosteroids.","Ghvont Mrad"," Lungodora Napoli 90, Castelgomberto,  Vicenza,36070, Italy","pulmonologist "
"gastritis","Acid blockers — also called histamine (H-2) blockers — reduce the amount of acid released into your digestive tract, which relieves gastritis pain and encourages healing. Available by prescription or over the counter, acid blockers include famotidine (Pepcid), cimetidine (Tagamet HB) and nizatidine (Axid AR).","Medications used to treat gastritis include: Antibiotic medications to kill H. pylori. For H. pylori in your digestive tract, your doctor may recommend a combination of antibiotics, such as clarithromycin (Biaxin XL) and amoxicillin (Amoxil, Augmentin, others) or metronidazole (Flagyl), to kill the bacterium.","Gianbattista Bertolasi","
  Piazza Trieste e Trento 33, Mussotto , Cuneo,12051, Italy","gastroenterologis"
"hemorrhoids","Apply an over-the-counter hemorrhoid cream or suppository containing hydrocortisone, or use pads containing witch hazel or a numbing agent. Soak regularly in a warm bath or sitz bath. Soak your anal area in plain warm water for 10 to 15 minutes two to three times a day. A sitz bath fits over the toilet.","Hydrocortisone, a topical steroid that can relieve swelling and itching. Pramoxine or lidocaine, topical pain relievers that can numb the affected area. Phenylephrine, which narrows blood vessels in the affected area.","Silvio Lussana","  Via Santa Lucia 29,  Citta' Di Castello, Perugia,06012, Italy","gastroenterologis"
"delirium","Healthcare providers may consider antipsychotic medications for treating hyperactive delirium because they reduce agitation and combativenessAntipsychotics: In general, antipsychotics are considered as the medication of choice in the management of delirium.",,"Giuseppe Aldo Spinazzola","Via Sergente Maggiore 78, Trevozzo,Piacenza,29010, Italy","geriatrician"
"candidiasis","Treatment. If you have vaginal candidiasis, likely you will use antifungal medicine to treat it. Often, the treatment is an antifungal medicine applied inside the vagina or a single dose of fluconazole taken by mouth.","diasisThe standard recommended dose for most Candida infections is fluconazole at 800 mg as the loading dose, followed by fluconazole at a dose of 400 mg/d either intravenously or orally for at least 2 weeks of therapy after a demonstrated negative blood culture result or clinical signs of improvement","Vincenzo Emmi","lungodora Napoli,104,Crespadoro,Vicenza,36070, Italy","Dermotology"
"infection","Antibiotics are used to treat or prevent some types of bacterial infection. They kill bacteria or prevent them from reproducing and spreading.","cephalexin.
ciprofloxacin.
clindamycin.
metronidazole.
azithromycin.
sulfamethoxazole and trimethoprim.
amoxicillin and clavulanate.
levofloxacin.","Carlo Amodio"," Via Donnalbina 89,Arzana,Nuoro, 08040 Italy.","An Infectious disease doctor(MD)"
"failurekidney","There are two treatment options for kidney failure: dialysis (hemodialysis or peritoneal dialysis) and kidney transplantation. Talk with your family so you can decide which treatment will best fit your lifestyle needs. Also you always have the choice to change to a different type of treatment in the future","Diuretics (water pills): medicines that help your kidneys get rid of extra salt and water and help you urinate (pee) more. Aldosterone receptor blockers are a type of diuretic to treat congestive heart failure (CHF),ACE inhibitors (Angiotensin-converting enzyme inhibitors),Beta blockers: medicines that lower blood pressure by blocking the hormone adrenaline, which helps your heart beat more slowly and with less force,Potassium binders: medicines to help your body get rid of extra potassium. ","Adelina Alvino De Martino","Corso Novara 21, Porto Frailis, Nuoro, 08041, Italy.","nephrologist"
"failureheart","Coronary bypass surgery. You may need this surgery if severely blocked arteries are causing your heart failure. 
Heart valve repair or replacement. 
Implantable cardioverter-defibrillator (ICD). 
Cardiac resynchronization therapy (CRT). 
Ventricular assist device (VAD). 
Heart transplant.","Loop diuretics should be used as first-line agents, with thiazides added for refractory fluid overload. Diuretic treatment should be combined with a low-salt diet,8 a β-blocker, and an ACE inhibitor. The practitioner should begin with oral furosemide, 20 to 40 mg once daily.","Orlandini Giancarlo"," Via Pisanelli 147,Acciarello, Reggio Calabria,89010, Italy.","Cardiology"
"primary carcinoma of thel ivercells","t may include surgery, chemotherapy, using heat to destroy the cancer (thermal ablation), using targeted medicines, and radiotherapy. The specialist care team looking after you will: explain the treatments, benefits and side effects.","The most common chemotherapy drugs for treating liver cancer include: Gemcitabine (Gemzar) Oxaliplatin (Eloxatin) Cisplatin","Ravasio Luigi","Via Scuderlando 99,Tordinia,Teramo
 64040, Italy","oncologist"
"kidney failure acute","If toxins build up in your blood, you may need temporary hemodialysis often referred to simply as dialysis — to help remove toxins and excess fluids from your body while your kidneys heal. Dialysis may also help remove excess potassium from your body","Diuretics (water pills): medicines that help your kidneys get rid of extra salt and water and help you urinate (pee) more. Aldosterone receptor blockers are a type of diuretic to treat congestive heart failure (CHF),ACE inhibitors (Angiotensin-converting enzyme inhibitors),Beta blockers: medicines that lower blood pressure by blocking the hormone adrenaline, which helps your heart beat more slowly and with less force,Potassium binders: medicines to help your body get rid of extra potassium. ","Antonio Pouchè","Via Croce Rossa 27,Fordongianus, Oristano, 09083, Italy","nephrologist"
"ischemia","Treatment for myocardial ischemia involves improving blood flow to the heart muscle. Treatment may include medications, a procedure to open blocked arteries (angioplasty) or bypass surgery. Making heart-healthy lifestyle choices is important in treating and preventing myocardial ischemia","Aspirin. A daily aspirin or other blood thinner can reduce your risk of blood clots, which might help prevent blockage of your coronary arteries. 
Nitrates.
Beta blockers. 
Calcium channel blockers. 
Cholesterol-lowering medications. 
Angiotensin-converting enzyme (ACE) inhibitors. 
Ranolazine (Ranexa).","Lorenzo Vella"," Via Guantai Nuovi 28,Giugliano In Campania, Napoli, 80014  Italy","Occupational medicinevascular neurologist"
"failureheartcongestive","ACE inhibitors or ARB drugs improve heart function and life expectancy. Digitalis glycosides strengthen the heart's contractions. Anticoagulants or antiplatelets such as aspirin help prevent blood clots. Beta-blockers improve heart function and chances of living longer.","Diuretics. Diuretics (water pills) make you pass more urine and help relieve ankle swelling and breathlessness caused by heart failure. There are many different types of diuretic, but the most widely used for heart failure are furosemide (also called frusemide) and bumetanide.","I. S."," Via Giulio Petroni 53,Palazzago
 Bergamo,24030,Italy","Cardiology"
"hypercholesterolemia","Exercising more.
Staying at a healthy weight.
Eating foods low in saturated fat.
Lowering your stress level.
Taking cholesterol-lowering medications.
Avoiding tobacco products.
Controlling high blood pressure and blood sugar","Options include: Statins. These drugs block a substance the liver needs to make cholesterol. Examples include atorvastatin (Lipitor), fluvastatin (Lescol XL), lovastatin (Altoprev), pitavastatin (Livalo), pravastatin, rosuvastatin (Crestor) and simvastatin (Zocor).","Mario Ronchi","Via Nicolai 23,Sottocastello, Belluno, Italy","Cardiology"
"sepsis(invertebrate)","Antibiotics. Treatment with antibiotics begins as soon as possible. 
Fluids added to veins. The use of intravenous fluids begins as soon as possible.
Vasopressors. Vasopressors narrow blood vessels and help increase blood pressure.","Preferred empiric monotherapy includes meropenem, imipenem, piperacillin-tazobactam, or tigecycline. Empiric combination therapy includes metronidazole plus levofloxacin, aztreonam, or a third- or fourth-generation cephalosporin.","Giuseppe Vasta","Via Loreto 135, Monterubbiano, Ascoli Piceno,63026 Italy"," Medicine specialist and an Infectious Disease expert"
"carcinoma of lung","Surgery. An operation where doctors cut out cancer tissue.
Chemotherapy. Using special medicines to shrink or kill the cancer. 
Radiation therapy. Using high-energy rays (similar to X-rays) to kill the cancer.
Targeted therapy. Using drugs to block the growth and spread of cancer cells.","Tremelimumab-actl.
Trexall (Methotrexate Sodium)
Vizimpro (Dacomitinib)
Vinorelbine Tartrate.
Xalkori (Crizotinib)
Yervoy (Ipilimumab)
Zirabev (Bevacizumab)
Zykadia (Ceritinib)","Nabeel Khair"," Piazza Garibaldi 52,Sorbo Di Tagliacozzo, L'Aquila,67060, Italy"," pulmonologis"
"benign prostatic hyper trophy","Treatment for BPH has long been medications and procedures, such as lasers or an electric loop, which burn the prostate from the inside out. But, now, a relatively new convective water therapy treatment uses steam to make the prostate smaller."," Your doctor might suggest one of these alpha blockers:

Alfuzosin (Uroxatral)
Doxazosin (Cardura)
Prazosin (Minipress)
Silodosin (Rapaflo)
Tamsulosin (Flomax)
Terazosin (Hytrin)The best-studied, most commonly used supplements to treat BPH are:

Beta-sitosterol
Pygeum
Rye grass
Saw palmetto","Marzio Carlo Zennaro"," Via Roma 94,Venagrande, Ascoli Piceno, 63040 Italy","urologist"
"delusion","reatment for delusional disorder most often includes psychotherapy (talk therapy) and medication, but delusional disorder is highly resistant to treatment with medication alone.","These drugs include risperidone (Risperdal®), clozapine (Clozaril®), quetiapine (Seroquel®), ziprasidone (Geodon®) and olanzapine (Zyprexa®). These medications are usually better tolerated than first-generation antipsychotics.","Tahsin Khrisat","Piazza Guglielmo Pepe 55, Loro Piceno,Macerata,62020, Italy.","physchiatrist"
"malignantneoplasms","Treatment options may include surgery, chemotherapy or radiation therapy. Early detection is key, so be sure to attend all recommended cancer screenings.","Dabrafenib Mesylate
Dostarlimab-gxly
Entrectinib
Jemperli (Dostarlimab-gxly)
Keytruda (Pembrolizumab)
Larotrectinib Sulfate
Mekinist (Trametinib Dimethyl Sulfoxide)
Pembrolizumab
Retevmo (Selpercatinib)","Mario Rossi","Via Alessandro Farnese 17,Toscanella, Bologna,40060 Italy","oncologist"
